priceUsd,time,circulatingSupply,date
77252.1110641402377278,1731211200000,19780121.0000000000000000,2024-11-10T04:00:00.000Z
78812.7138737883208033,1731214800000,19780156.0000000000000000,2024-11-10T05:00:00.000Z
79168.5464129395067965,1731218400000,19780156.0000000000000000,2024-11-10T06:00:00.000Z
78860.2275600194646506,1731222000000,19780200.0000000000000000,2024-11-10T07:00:00.000Z
78842.8116876597073281,1731225600000,19780200.0000000000000000,2024-11-10T08:00:00.000Z
79093.3919005772849608,1731229200000,19780231.0000000000000000,2024-11-10T09:00:00.000Z
79369.5456234526295788,1731232800000,19780231.0000000000000000,2024-11-10T10:00:00.000Z
79524.4260823725591699,1731236400000,19780268.0000000000000000,2024-11-10T11:00:00.000Z
79930.9571212595545030,1731240000000,19780268.0000000000000000,2024-11-10T12:00:00.000Z
79615.3905105557091659,1731243600000,19780312.0000000000000000,2024-11-10T13:00:00.000Z
79729.5355618483684431,1731247200000,19780312.0000000000000000,2024-11-10T14:00:00.000Z
79478.3917017198170062,1731250800000,19780343.0000000000000000,2024-11-10T15:00:00.000Z
79665.3540215132300141,1731254400000,19780343.0000000000000000,2024-11-10T16:00:00.000Z
79700.1015714416290866,1731258000000,19780396.0000000000000000,2024-11-10T17:00:00.000Z
80353.6843878568288258,1731261600000,19780396.0000000000000000,2024-11-10T18:00:00.000Z
80628.0331700305817828,1731265200000,19780434.0000000000000000,2024-11-10T19:00:00.000Z
79667.0153827726745309,1731268800000,19780434.0000000000000000,2024-11-10T20:00:00.000Z
79032.7717050594150530,1731272400000,19780465.0000000000000000,2024-11-10T21:00:00.000Z
79805.9457839272774944,1731276000000,19780465.0000000000000000,2024-11-10T22:00:00.000Z
80524.8403136767725744,1731279600000,19780525.0000000000000000,2024-11-10T23:00:00.000Z
80392.3158627854546851,1731283200000,19780525.0000000000000000,2024-11-11T00:00:00.000Z
80554.3024298081924860,1731286800000,19780550.0000000000000000,2024-11-11T01:00:00.000Z
81244.4464118042859929,1731290400000,19780550.0000000000000000,2024-11-11T02:00:00.000Z
81416.9541464914069929,1731294000000,19780587.0000000000000000,2024-11-11T03:00:00.000Z
81643.4657373941277131,1731297600000,19780587.0000000000000000,2024-11-11T04:00:00.000Z
81443.4946353222355314,1731301200000,19780634.0000000000000000,2024-11-11T05:00:00.000Z
80640.4831003513298113,1731304800000,19780634.0000000000000000,2024-11-11T06:00:00.000Z
80935.8539868342030976,1731308400000,19780668.0000000000000000,2024-11-11T07:00:00.000Z
81167.9500061007108369,1731312000000,19780668.0000000000000000,2024-11-11T08:00:00.000Z
81324.8333971248171638,1731315600000,19780684.0000000000000000,2024-11-11T09:00:00.000Z
81731.0046126511203006,1731319200000,19780684.0000000000000000,2024-11-11T10:00:00.000Z
82026.7367479721462138,1731322800000,19780725.0000000000000000,2024-11-11T11:00:00.000Z
82192.6503765554284899,1731326400000,19780725.0000000000000000,2024-11-11T12:00:00.000Z
82305.6316572504570201,1731330000000,19780740.0000000000000000,2024-11-11T13:00:00.000Z
81892.1222060263765063,1731333600000,19780740.0000000000000000,2024-11-11T14:00:00.000Z
82511.9495330927194806,1731337200000,19780765.0000000000000000,2024-11-11T15:00:00.000Z
84011.4070960425552228,1731340800000,19780765.0000000000000000,2024-11-11T16:00:00.000Z
84137.6214288649136808,1731344400000,19780803.0000000000000000,2024-11-11T17:00:00.000Z
84717.9256249408767308,1731348000000,19780803.0000000000000000,2024-11-11T18:00:00.000Z
85597.2493579422739080,1731351600000,19780840.0000000000000000,2024-11-11T19:00:00.000Z
86178.4477368882806284,1731355200000,19780840.0000000000000000,2024-11-11T20:00:00.000Z
86980.4479690894001307,1731358800000,19780884.0000000000000000,2024-11-11T21:00:00.000Z
87780.1701216797713716,1731362400000,19780884.0000000000000000,2024-11-11T22:00:00.000Z
87567.5245072001347157,1731366000000,19780915.0000000000000000,2024-11-11T23:00:00.000Z
88542.8992731206483866,1731369600000,19780915.0000000000000000,2024-11-12T00:00:00.000Z
88571.1183912530064829,1731373200000,19780975.0000000000000000,2024-11-12T01:00:00.000Z
88473.4286552581140315,1731376800000,19780975.0000000000000000,2024-11-12T02:00:00.000Z
87349.8572180589566556,1731380400000,19780996.0000000000000000,2024-11-12T03:00:00.000Z
87901.3477256431503223,1731384000000,19780996.0000000000000000,2024-11-12T04:00:00.000Z
88469.5748890533720922,1731387600000,19781056.0000000000000000,2024-11-12T05:00:00.000Z
88357.6614180232746910,1731391200000,19781056.0000000000000000,2024-11-12T06:00:00.000Z
89467.8168244332399618,1731394800000,19781081.0000000000000000,2024-11-12T07:00:00.000Z
89052.0211304501611843,1731398400000,19781081.0000000000000000,2024-11-12T08:00:00.000Z
89157.0797556335963732,1731402000000,19781106.0000000000000000,2024-11-12T09:00:00.000Z
87871.2027621442962208,1731405600000,19781106.0000000000000000,2024-11-12T10:00:00.000Z
86252.0178664573211882,1731409200000,19781140.0000000000000000,2024-11-12T11:00:00.000Z
87114.6325025255592230,1731412800000,19781140.0000000000000000,2024-11-12T12:00:00.000Z
86351.6782943413914012,1731416400000,19781140.0000000000000000,2024-11-12T13:00:00.000Z
85899.2736287122373820,1731420000000,19781178.0000000000000000,2024-11-12T14:00:00.000Z
86876.4074298465296632,1731423600000,19781178.0000000000000000,2024-11-12T15:00:00.000Z
86609.3489826284623337,1731427200000,19781221.0000000000000000,2024-11-12T16:00:00.000Z
87228.9827729700723348,1731430800000,19781221.0000000000000000,2024-11-12T17:00:00.000Z
87133.2529210104728067,1731434400000,19781271.0000000000000000,2024-11-12T18:00:00.000Z
88774.2097333307997164,1731438000000,19781271.0000000000000000,2024-11-12T19:00:00.000Z
88833.0313465515465687,1731441600000,19781303.0000000000000000,2024-11-12T20:00:00.000Z
89525.8694900983189352,1731445200000,19781303.0000000000000000,2024-11-12T21:00:00.000Z
88194.0154571643430646,1731448800000,19781353.0000000000000000,2024-11-12T22:00:00.000Z
88487.8803446074582666,1731452400000,19781353.0000000000000000,2024-11-12T23:00:00.000Z
88011.7164138496347479,1731456000000,19781418.0000000000000000,2024-11-13T00:00:00.000Z
88182.7934021073692854,1731459600000,19781418.0000000000000000,2024-11-13T01:00:00.000Z
88235.6226673652180560,1731463200000,19781446.0000000000000000,2024-11-13T02:00:00.000Z
87859.4800112101185417,1731466800000,19781446.0000000000000000,2024-11-13T03:00:00.000Z
87405.9966893900828943,1731470400000,19781475.0000000000000000,2024-11-13T04:00:00.000Z
87101.6090933688188707,1731474000000,19781475.0000000000000000,2024-11-13T05:00:00.000Z
86640.6376125709999036,1731477600000,19781496.0000000000000000,2024-11-13T06:00:00.000Z
86546.4696028597778148,1731481200000,19781496.0000000000000000,2024-11-13T07:00:00.000Z
87442.3783918091567486,1731484800000,19781531.0000000000000000,2024-11-13T08:00:00.000Z
87305.8881570228919245,1731488400000,19781531.0000000000000000,2024-11-13T09:00:00.000Z
87503.0361682565078617,1731492000000,19781568.0000000000000000,2024-11-13T10:00:00.000Z
87614.3409562759371313,1731495600000,19781568.0000000000000000,2024-11-13T11:00:00.000Z
87790.6308218503866010,1731499200000,19781600.0000000000000000,2024-11-13T12:00:00.000Z
87853.4241868830583704,1731502800000,19781600.0000000000000000,2024-11-13T13:00:00.000Z
89332.2959235328434370,1731506400000,19781628.0000000000000000,2024-11-13T14:00:00.000Z
91576.6806979183373814,1731510000000,19781628.0000000000000000,2024-11-13T15:00:00.000Z
92528.3235073309453977,1731513600000,19781675.0000000000000000,2024-11-13T16:00:00.000Z
92461.6884798198199229,1731517200000,19781675.0000000000000000,2024-11-13T17:00:00.000Z
92226.9683238734862588,1731520800000,19781712.0000000000000000,2024-11-13T18:00:00.000Z
92931.9096470196735441,1731524400000,19781712.0000000000000000,2024-11-13T19:00:00.000Z
90475.4836571833844546,1731528000000,19781746.0000000000000000,2024-11-13T20:00:00.000Z
90107.6146274666495405,1731531600000,19781746.0000000000000000,2024-11-13T21:00:00.000Z
88733.6032556086319644,1731535200000,19781790.0000000000000000,2024-11-13T22:00:00.000Z
89713.3891927217736941,1731538800000,19781790.0000000000000000,2024-11-13T23:00:00.000Z
90477.7578857618478195,1731542400000,19781837.0000000000000000,2024-11-14T00:00:00.000Z
90172.8928963876950369,1731546000000,19781837.0000000000000000,2024-11-14T01:00:00.000Z
90232.0611915033238487,1731549600000,19781878.0000000000000000,2024-11-14T02:00:00.000Z
90102.2287365729997159,1731553200000,19781878.0000000000000000,2024-11-14T03:00:00.000Z
90008.5866677286206536,1731556800000,19781900.0000000000000000,2024-11-14T04:00:00.000Z
90108.3725677748825702,1731560400000,19781900.0000000000000000,2024-11-14T05:00:00.000Z
89990.2669255389433010,1731564000000,19781943.0000000000000000,2024-11-14T06:00:00.000Z
89531.0973946397338632,1731567600000,19781943.0000000000000000,2024-11-14T07:00:00.000Z
90760.0688415770122093,1731571200000,19781981.0000000000000000,2024-11-14T08:00:00.000Z
90617.9539339348696817,1731574800000,19781981.0000000000000000,2024-11-14T09:00:00.000Z
90895.5820567781422053,1731578400000,19782018.0000000000000000,2024-11-14T10:00:00.000Z
91168.5292292119852081,1731582000000,19782018.0000000000000000,2024-11-14T11:00:00.000Z
91504.1399675555886876,1731585600000,19782056.0000000000000000,2024-11-14T12:00:00.000Z
91288.7047910071143774,1731589200000,19782056.0000000000000000,2024-11-14T13:00:00.000Z
90818.4754882683440269,1731592800000,19782081.0000000000000000,2024-11-14T14:00:00.000Z
89090.3899874380746546,1731596400000,19782081.0000000000000000,2024-11-14T15:00:00.000Z
88178.7436215324619515,1731600000000,19782134.0000000000000000,2024-11-14T16:00:00.000Z
89078.6636938624447626,1731603600000,19782134.0000000000000000,2024-11-14T17:00:00.000Z
89267.0787867645514552,1731607200000,19782162.0000000000000000,2024-11-14T18:00:00.000Z
89218.0172934207605980,1731610800000,19782162.0000000000000000,2024-11-14T19:00:00.000Z
89474.5159675867833230,1731614400000,19782178.0000000000000000,2024-11-14T20:00:00.000Z
87807.6077217652438401,1731618000000,19782178.0000000000000000,2024-11-14T21:00:00.000Z
88189.1045198973728720,1731621600000,19782228.0000000000000000,2024-11-14T22:00:00.000Z
87883.2808565975068402,1731625200000,19782228.0000000000000000,2024-11-14T23:00:00.000Z
87325.6304035515077709,1731628800000,19782253.0000000000000000,2024-11-15T00:00:00.000Z
87962.8261216045173274,1731632400000,19782253.0000000000000000,2024-11-15T01:00:00.000Z
88029.9114958468592828,1731636000000,19782275.0000000000000000,2024-11-15T02:00:00.000Z
88393.5305297172573567,1731639600000,19782275.0000000000000000,2024-11-15T03:00:00.000Z
88296.5809627500994495,1731643200000,19782296.0000000000000000,2024-11-15T04:00:00.000Z
87393.2329152757505175,1731646800000,19782296.0000000000000000,2024-11-15T05:00:00.000Z
87776.8473028845131437,1731650400000,19782331.0000000000000000,2024-11-15T06:00:00.000Z
88137.3775336626300613,1731654000000,19782331.0000000000000000,2024-11-15T07:00:00.000Z
87749.6395213837026211,1731657600000,19782371.0000000000000000,2024-11-15T08:00:00.000Z
88131.5446352037664064,1731661200000,19782371.0000000000000000,2024-11-15T09:00:00.000Z
89192.2054554811561188,1731664800000,19782428.0000000000000000,2024-11-15T10:00:00.000Z
89362.6741213867686875,1731668400000,19782428.0000000000000000,2024-11-15T11:00:00.000Z
89700.1940439766707437,1731672000000,19782468.0000000000000000,2024-11-15T12:00:00.000Z
89839.3353493218965285,1731675600000,19782468.0000000000000000,2024-11-15T13:00:00.000Z
90234.4308356272014190,1731679200000,19782506.0000000000000000,2024-11-15T14:00:00.000Z
89294.4855146561987213,1731682800000,19782506.0000000000000000,2024-11-15T15:00:00.000Z
88420.0100135370602000,1731686400000,19782556.0000000000000000,2024-11-15T16:00:00.000Z
89337.4566308920717080,1731690000000,19782556.0000000000000000,2024-11-15T17:00:00.000Z
89529.7061105901756930,1731693600000,19782590.0000000000000000,2024-11-15T18:00:00.000Z
89346.7611383818686150,1731697200000,19782590.0000000000000000,2024-11-15T19:00:00.000Z
90414.0765568115962495,1731700800000,19782621.0000000000000000,2024-11-15T20:00:00.000Z
91367.0505136702057692,1731704400000,19782621.0000000000000000,2024-11-15T21:00:00.000Z
91630.6281525233288989,1731708000000,19782668.0000000000000000,2024-11-15T22:00:00.000Z
91214.3410211823133762,1731711600000,19782668.0000000000000000,2024-11-15T23:00:00.000Z
91011.7350432960944884,1731715200000,19782721.0000000000000000,2024-11-16T00:00:00.000Z
91021.8544626582106220,1731718800000,19782721.0000000000000000,2024-11-16T01:00:00.000Z
91266.8593085220574723,1731722400000,19782743.0000000000000000,2024-11-16T02:00:00.000Z
91460.4032205079789588,1731726000000,19782743.0000000000000000,2024-11-16T03:00:00.000Z
91247.7634969788868969,1731729600000,19782800.0000000000000000,2024-11-16T04:00:00.000Z
91264.8610457672709224,1731733200000,19782800.0000000000000000,2024-11-16T05:00:00.000Z
91362.8529774836034401,1731736800000,19782818.0000000000000000,2024-11-16T06:00:00.000Z
91243.7077951966157170,1731740400000,19782818.0000000000000000,2024-11-16T07:00:00.000Z
91161.7384706677998828,1731744000000,19782850.0000000000000000,2024-11-16T08:00:00.000Z
91341.9972545323539351,1731747600000,19782850.0000000000000000,2024-11-16T09:00:00.000Z
91280.7843326073662720,1731751200000,19782884.0000000000000000,2024-11-16T10:00:00.000Z
91406.0737710882766845,1731754800000,19782884.0000000000000000,2024-11-16T11:00:00.000Z
91123.6851105799074383,1731758400000,19782946.0000000000000000,2024-11-16T12:00:00.000Z
90857.0375223438968788,1731762000000,19782946.0000000000000000,2024-11-16T13:00:00.000Z
90763.3002035695728662,1731765600000,19782946.0000000000000000,2024-11-16T14:00:00.000Z
90953.5013671417501296,1731769200000,19783006.0000000000000000,2024-11-16T15:00:00.000Z
90380.2399380567573543,1731772800000,19783006.0000000000000000,2024-11-16T16:00:00.000Z
90625.5164196056120366,1731776400000,19783031.0000000000000000,2024-11-16T17:00:00.000Z
90921.9624706124903901,1731780000000,19783031.0000000000000000,2024-11-16T18:00:00.000Z
91313.8302910964079341,1731783600000,19783068.0000000000000000,2024-11-16T19:00:00.000Z
91069.3592114002895216,1731787200000,19783068.0000000000000000,2024-11-16T20:00:00.000Z
90790.8301571725312187,1731790800000,19783121.0000000000000000,2024-11-16T21:00:00.000Z
90984.8072208845147613,1731794400000,19783121.0000000000000000,2024-11-16T22:00:00.000Z
90463.3388234229167164,1731798000000,19783153.0000000000000000,2024-11-16T23:00:00.000Z
90519.8527090736020208,1731801600000,19783153.0000000000000000,2024-11-17T00:00:00.000Z
90762.3946489856065455,1731805200000,19783196.0000000000000000,2024-11-17T01:00:00.000Z
90211.8783115192218529,1731808800000,19783196.0000000000000000,2024-11-17T02:00:00.000Z
90040.6508706954225255,1731812400000,19783268.0000000000000000,2024-11-17T03:00:00.000Z
90233.1274459622480755,1731816000000,19783268.0000000000000000,2024-11-17T04:00:00.000Z
90365.6133441701317442,1731819600000,19783281.0000000000000000,2024-11-17T05:00:00.000Z
90457.4149534470295338,1731823200000,19783281.0000000000000000,2024-11-17T06:00:00.000Z
90562.9027375873555602,1731826800000,19783340.0000000000000000,2024-11-17T07:00:00.000Z
90493.3412625040870674,1731830400000,19783340.0000000000000000,2024-11-17T08:00:00.000Z
90874.0471296278295995,1731834000000,19783387.0000000000000000,2024-11-17T09:00:00.000Z
91185.0281591832948017,1731837600000,19783387.0000000000000000,2024-11-17T10:00:00.000Z
90999.7743973668869996,1731841200000,19783443.0000000000000000,2024-11-17T11:00:00.000Z
90665.1610573579196685,1731844800000,19783443.0000000000000000,2024-11-17T12:00:00.000Z
91012.6843443179468623,1731848400000,19783465.0000000000000000,2024-11-17T13:00:00.000Z
90468.8872244221998536,1731852000000,19783465.0000000000000000,2024-11-17T14:00:00.000Z
90259.7864803597506989,1731855600000,19783506.0000000000000000,2024-11-17T15:00:00.000Z
90246.6227981871482373,1731859200000,19783506.0000000000000000,2024-11-17T16:00:00.000Z
90395.2191401175799622,1731862800000,19783521.0000000000000000,2024-11-17T17:00:00.000Z
90520.8798136498434598,1731866400000,19783521.0000000000000000,2024-11-17T18:00:00.000Z
89950.4047562267411009,1731870000000,19783568.0000000000000000,2024-11-17T19:00:00.000Z
90017.4906478138551443,1731873600000,19783568.0000000000000000,2024-11-17T20:00:00.000Z
89636.2297111239566563,1731877200000,19783612.0000000000000000,2024-11-17T21:00:00.000Z
89198.4145977012024476,1731880800000,19783612.0000000000000000,2024-11-17T22:00:00.000Z
89493.6639476272794625,1731884400000,19783653.0000000000000000,2024-11-17T23:00:00.000Z
89801.5346220861403752,1731888000000,19783653.0000000000000000,2024-11-18T00:00:00.000Z
89897.2392530818883357,1731891600000,19783681.0000000000000000,2024-11-18T01:00:00.000Z
90753.1879945964913374,1731895200000,19783681.0000000000000000,2024-11-18T02:00:00.000Z
90525.1990800140760454,1731898800000,19783721.0000000000000000,2024-11-18T03:00:00.000Z
90617.7455278290880237,1731902400000,19783721.0000000000000000,2024-11-18T04:00:00.000Z
90462.1826533292828243,1731906000000,19783753.0000000000000000,2024-11-18T05:00:00.000Z
90626.8610433072017563,1731909600000,19783753.0000000000000000,2024-11-18T06:00:00.000Z
91638.4575806582029840,1731913200000,19783793.0000000000000000,2024-11-18T07:00:00.000Z
91731.4126176901196648,1731916800000,19783793.0000000000000000,2024-11-18T08:00:00.000Z
91799.7655726103387472,1731920400000,19783843.0000000000000000,2024-11-18T09:00:00.000Z
91717.6344018777703453,1731924000000,19783843.0000000000000000,2024-11-18T10:00:00.000Z
91810.4105716621311359,1731927600000,19783884.0000000000000000,2024-11-18T11:00:00.000Z
90434.0951975473871980,1731931200000,19783884.0000000000000000,2024-11-18T12:00:00.000Z
90656.7957532625245272,1731934800000,19783918.0000000000000000,2024-11-18T13:00:00.000Z
89707.9970478848088510,1731938400000,19783918.0000000000000000,2024-11-18T14:00:00.000Z
90386.5721385648510064,1731942000000,19783946.0000000000000000,2024-11-18T15:00:00.000Z
92183.4605820033863908,1731945600000,19783946.0000000000000000,2024-11-18T16:00:00.000Z
91425.4285993057585348,1731949200000,19783996.0000000000000000,2024-11-18T17:00:00.000Z
91632.6948810669849908,1731952800000,19783996.0000000000000000,2024-11-18T18:00:00.000Z
90542.0212885275464104,1731956400000,19784015.0000000000000000,2024-11-18T19:00:00.000Z
90743.2330740949863844,1731960000000,19784015.0000000000000000,2024-11-18T20:00:00.000Z
91426.2579803594108112,1731963600000,19784078.0000000000000000,2024-11-18T21:00:00.000Z
91378.0881607247514365,1731967200000,19784078.0000000000000000,2024-11-18T22:00:00.000Z
91300.0077944232424580,1731970800000,19784121.0000000000000000,2024-11-18T23:00:00.000Z
90663.1685413807256230,1731974400000,19784121.0000000000000000,2024-11-19T00:00:00.000Z
91147.6814091144947213,1731978000000,19784171.0000000000000000,2024-11-19T01:00:00.000Z
90850.4651819197356713,1731981600000,19784171.0000000000000000,2024-11-19T02:00:00.000Z
91290.9728696970853955,1731985200000,19784221.0000000000000000,2024-11-19T03:00:00.000Z
91493.4185238678864940,1731988800000,19784221.0000000000000000,2024-11-19T04:00:00.000Z
91532.6337470946121814,1731992400000,19784275.0000000000000000,2024-11-19T05:00:00.000Z
91813.0097769810275467,1731996000000,19784275.0000000000000000,2024-11-19T06:00:00.000Z
91924.0311620635972961,1731999600000,19784318.0000000000000000,2024-11-19T07:00:00.000Z
91730.7599788399593337,1732003200000,19784318.0000000000000000,2024-11-19T08:00:00.000Z
91786.8043855873928508,1732006800000,19784350.0000000000000000,2024-11-19T09:00:00.000Z
91728.6744649631484867,1732010400000,19784350.0000000000000000,2024-11-19T10:00:00.000Z
91771.7626165173044273,1732014000000,19784384.0000000000000000,2024-11-19T11:00:00.000Z
91737.4597624580363151,1732017600000,19784384.0000000000000000,2024-11-19T12:00:00.000Z
92427.7281671787619476,1732021200000,19784384.0000000000000000,2024-11-19T13:00:00.000Z
91322.4080709065437380,1732024800000,19784446.0000000000000000,2024-11-19T14:00:00.000Z
91952.6253563077789022,1732028400000,19784446.0000000000000000,2024-11-19T15:00:00.000Z
92397.9345350415780013,1732032000000,19784487.0000000000000000,2024-11-19T16:00:00.000Z
92610.7887850097486084,1732035600000,19784487.0000000000000000,2024-11-19T17:00:00.000Z
92818.2386117748147644,1732039200000,19784528.0000000000000000,2024-11-19T18:00:00.000Z
93690.0516240364556319,1732042800000,19784528.0000000000000000,2024-11-19T19:00:00.000Z
93352.8744006989724720,1732046400000,19784562.0000000000000000,2024-11-19T20:00:00.000Z
92542.4405041225404060,1732050000000,19784562.0000000000000000,2024-11-19T21:00:00.000Z
92393.2576403162273054,1732053600000,19784606.0000000000000000,2024-11-19T22:00:00.000Z
91887.7145546797687467,1732057200000,19784606.0000000000000000,2024-11-19T23:00:00.000Z
92314.3308719155100376,1732060800000,19784700.0000000000000000,2024-11-20T00:00:00.000Z
92240.0115833195011148,1732064400000,19784700.0000000000000000,2024-11-20T01:00:00.000Z
92068.0829220777858942,1732068000000,19784715.0000000000000000,2024-11-20T02:00:00.000Z
91943.4896235671488422,1732071600000,19784715.0000000000000000,2024-11-20T03:00:00.000Z
92144.4636920379463495,1732075200000,19784768.0000000000000000,2024-11-20T04:00:00.000Z
92263.6828021898851188,1732078800000,19784768.0000000000000000,2024-11-20T05:00:00.000Z
92575.8322418105904270,1732082400000,19784800.0000000000000000,2024-11-20T06:00:00.000Z
92479.2866312036934108,1732086000000,19784800.0000000000000000,2024-11-20T07:00:00.000Z
92919.8751161915365666,1732089600000,19784843.0000000000000000,2024-11-20T08:00:00.000Z
93305.2065187170999599,1732093200000,19784843.0000000000000000,2024-11-20T09:00:00.000Z
93174.0750345002158052,1732096800000,19784890.0000000000000000,2024-11-20T10:00:00.000Z
93401.9620291834491869,1732100400000,19784890.0000000000000000,2024-11-20T11:00:00.000Z
93527.0193166192958542,1732104000000,19784909.0000000000000000,2024-11-20T12:00:00.000Z
93675.1170628072120254,1732107600000,19784909.0000000000000000,2024-11-20T13:00:00.000Z
94471.4969464068159667,1732111200000,19784943.0000000000000000,2024-11-20T14:00:00.000Z
94671.3362075971298329,1732114800000,19784943.0000000000000000,2024-11-20T15:00:00.000Z
94779.7693876794456104,1732118400000,19784984.0000000000000000,2024-11-20T16:00:00.000Z
94089.8257866719346380,1732122000000,19784984.0000000000000000,2024-11-20T17:00:00.000Z
94169.6144375285452830,1732125600000,19785021.0000000000000000,2024-11-20T18:00:00.000Z
93706.0544885578054115,1732129200000,19785021.0000000000000000,2024-11-20T19:00:00.000Z
94023.4119272545745867,1732132800000,19785078.0000000000000000,2024-11-20T20:00:00.000Z
94262.6019331542183029,1732136400000,19785078.0000000000000000,2024-11-20T21:00:00.000Z
94451.5600394101167457,1732140000000,19785112.0000000000000000,2024-11-20T22:00:00.000Z
94234.0556332281050094,1732143600000,19785112.0000000000000000,2024-11-20T23:00:00.000Z
94251.4066930268902840,1732147200000,19785146.0000000000000000,2024-11-21T00:00:00.000Z
94819.5620293905660005,1732150800000,19785146.0000000000000000,2024-11-21T01:00:00.000Z
94786.8656103794412559,1732154400000,19785196.0000000000000000,2024-11-21T02:00:00.000Z
94480.2542397926064999,1732158000000,19785196.0000000000000000,2024-11-21T03:00:00.000Z
95843.6610690929881666,1732161600000,19785225.0000000000000000,2024-11-21T04:00:00.000Z
97270.5427818335419280,1732165200000,19785225.0000000000000000,2024-11-21T05:00:00.000Z
97161.6015939174527170,1732168800000,19785259.0000000000000000,2024-11-21T06:00:00.000Z
97063.0387779053577957,1732172400000,19785259.0000000000000000,2024-11-21T07:00:00.000Z
96993.0785195887990077,1732176000000,19785303.0000000000000000,2024-11-21T08:00:00.000Z
97068.9170734443543997,1732179600000,19785303.0000000000000000,2024-11-21T09:00:00.000Z
97596.7265295726484063,1732183200000,19785340.0000000000000000,2024-11-21T10:00:00.000Z
97628.4223970691951320,1732186800000,19785340.0000000000000000,2024-11-21T11:00:00.000Z
97855.8738038075918130,1732190400000,19785378.0000000000000000,2024-11-21T12:00:00.000Z
97447.7090957755996888,1732194000000,19785378.0000000000000000,2024-11-21T13:00:00.000Z
97539.1210486395976698,1732197600000,19785425.0000000000000000,2024-11-21T14:00:00.000Z
97111.3843888222892928,1732201200000,19785425.0000000000000000,2024-11-21T15:00:00.000Z
96733.0995865165599816,1732204800000,19785475.0000000000000000,2024-11-21T16:00:00.000Z
97222.6582342312891223,1732208400000,19785475.0000000000000000,2024-11-21T17:00:00.000Z
97927.0839757465688615,1732212000000,19785481.0000000000000000,2024-11-21T18:00:00.000Z
98227.8860103403096966,1732215600000,19785481.0000000000000000,2024-11-21T19:00:00.000Z
97941.0181688992154846,1732219200000,19785534.0000000000000000,2024-11-21T20:00:00.000Z
98139.4664305487385472,1732222800000,19785534.0000000000000000,2024-11-21T21:00:00.000Z
97939.5675448344296860,1732226400000,19785593.0000000000000000,2024-11-21T22:00:00.000Z
98317.7398991711243313,1732230000000,19785593.0000000000000000,2024-11-21T23:00:00.000Z
98388.5726432166541822,1732233600000,19785615.0000000000000000,2024-11-22T00:00:00.000Z
97994.2370844320807049,1732237200000,19785615.0000000000000000,2024-11-22T01:00:00.000Z
98072.6234363889981584,1732240800000,19785646.0000000000000000,2024-11-22T02:00:00.000Z
98592.3378425375607085,1732244400000,19785646.0000000000000000,2024-11-22T03:00:00.000Z
98838.6909510252915864,1732248000000,19785712.0000000000000000,2024-11-22T04:00:00.000Z
98807.2289972355845967,1732251600000,19785712.0000000000000000,2024-11-22T05:00:00.000Z
98878.1771608788499873,1732255200000,19785743.0000000000000000,2024-11-22T06:00:00.000Z
98969.0645560799887185,1732258800000,19785743.0000000000000000,2024-11-22T07:00:00.000Z
99201.0072842251136728,1732262400000,19785762.0000000000000000,2024-11-22T08:00:00.000Z
98929.2288583029565061,1732266000000,19785762.0000000000000000,2024-11-22T09:00:00.000Z
98753.5481031359929256,1732269600000,19785821.0000000000000000,2024-11-22T10:00:00.000Z
98352.5196226995729433,1732273200000,19785821.0000000000000000,2024-11-22T11:00:00.000Z
98876.9069254780235067,1732276800000,19785859.0000000000000000,2024-11-22T12:00:00.000Z
98726.2386545520464496,1732280400000,19785859.0000000000000000,2024-11-22T13:00:00.000Z
97850.4618565511818678,1732284000000,19785900.0000000000000000,2024-11-22T14:00:00.000Z
97410.0864406560724658,1732287600000,19785900.0000000000000000,2024-11-22T15:00:00.000Z
98777.4881761170931634,1732291200000,19785940.0000000000000000,2024-11-22T16:00:00.000Z
98960.3307690165688733,1732294800000,19785940.0000000000000000,2024-11-22T17:00:00.000Z
98972.1170192165011040,1732298400000,19785962.0000000000000000,2024-11-22T18:00:00.000Z
99122.3032790541847736,1732302000000,19785962.0000000000000000,2024-11-22T19:00:00.000Z
99298.3542431385277124,1732305600000,19786003.0000000000000000,2024-11-22T20:00:00.000Z
99192.2860458463740470,1732309200000,19786003.0000000000000000,2024-11-22T21:00:00.000Z
99249.7390404943691973,1732312800000,19786031.0000000000000000,2024-11-22T22:00:00.000Z
98708.2363576577627288,1732316400000,19786031.0000000000000000,2024-11-22T23:00:00.000Z
98923.2071333140464953,1732320000000,19786071.0000000000000000,2024-11-23T00:00:00.000Z
98670.8827667827467694,1732323600000,19786071.0000000000000000,2024-11-23T01:00:00.000Z
98599.0554024461510764,1732327200000,19786093.0000000000000000,2024-11-23T02:00:00.000Z
98446.2190623307816999,1732330800000,19786093.0000000000000000,2024-11-23T03:00:00.000Z
98662.9038726387547490,1732334400000,19786140.0000000000000000,2024-11-23T04:00:00.000Z
98479.1695567868378037,1732338000000,19786140.0000000000000000,2024-11-23T05:00:00.000Z
98737.9040696442388707,1732341600000,19786168.0000000000000000,2024-11-23T06:00:00.000Z
98704.9300120985347650,1732345200000,19786168.0000000000000000,2024-11-23T07:00:00.000Z
98563.6493196369701191,1732348800000,19786193.0000000000000000,2024-11-23T08:00:00.000Z
98450.4524101899529973,1732352400000,19786193.0000000000000000,2024-11-23T09:00:00.000Z
98429.8378722825217878,1732356000000,19786218.0000000000000000,2024-11-23T10:00:00.000Z
98420.6077911598882900,1732359600000,19786218.0000000000000000,2024-11-23T11:00:00.000Z
98466.6195607970119311,1732363200000,19786268.0000000000000000,2024-11-23T12:00:00.000Z
98600.1801665416356879,1732366800000,19786268.0000000000000000,2024-11-23T13:00:00.000Z
98631.6399718424957646,1732370400000,19786293.0000000000000000,2024-11-23T14:00:00.000Z
98784.2906364067453251,1732374000000,19786293.0000000000000000,2024-11-23T15:00:00.000Z
98507.4850197586933026,1732377600000,19786328.0000000000000000,2024-11-23T16:00:00.000Z
97805.3535893108532953,1732381200000,19786328.0000000000000000,2024-11-23T17:00:00.000Z
97992.1756006085579307,1732384800000,19786375.0000000000000000,2024-11-23T18:00:00.000Z
97869.8632292905851805,1732388400000,19786375.0000000000000000,2024-11-23T19:00:00.000Z
97596.3706782624144553,1732392000000,19786418.0000000000000000,2024-11-23T20:00:00.000Z
97698.7648401085941489,1732395600000,19786418.0000000000000000,2024-11-23T21:00:00.000Z
97987.2133793229204042,1732399200000,19786453.0000000000000000,2024-11-23T22:00:00.000Z
97638.2509400309420715,1732402800000,19786453.0000000000000000,2024-11-23T23:00:00.000Z
97679.1364623758434688,1732406400000,19786484.0000000000000000,2024-11-24T00:00:00.000Z
97926.4009138208043251,1732410000000,19786484.0000000000000000,2024-11-24T01:00:00.000Z
98230.6257185534167980,1732413600000,19786525.0000000000000000,2024-11-24T02:00:00.000Z
98414.7201940956604265,1732417200000,19786525.0000000000000000,2024-11-24T03:00:00.000Z
98177.6601960967464598,1732420800000,19786550.0000000000000000,2024-11-24T04:00:00.000Z
98164.2692845541800199,1732424400000,19786550.0000000000000000,2024-11-24T05:00:00.000Z
98231.1962679714550506,1732428000000,19786584.0000000000000000,2024-11-24T06:00:00.000Z
98342.8923893998831605,1732431600000,19786584.0000000000000000,2024-11-24T07:00:00.000Z
98350.1053897173910038,1732435200000,19786600.0000000000000000,2024-11-24T08:00:00.000Z
98085.4370035582240519,1732438800000,19786600.0000000000000000,2024-11-24T09:00:00.000Z
97975.4807149828959125,1732442400000,19786643.0000000000000000,2024-11-24T10:00:00.000Z
97721.0012506631183289,1732446000000,19786643.0000000000000000,2024-11-24T11:00:00.000Z
97346.1510464737840072,1732449600000,19786696.0000000000000000,2024-11-24T12:00:00.000Z
96717.8706646648589943,1732453200000,19786696.0000000000000000,2024-11-24T13:00:00.000Z
97295.0640352816734246,1732456800000,19786712.0000000000000000,2024-11-24T14:00:00.000Z
97033.5671321130044447,1732460400000,19786712.0000000000000000,2024-11-24T15:00:00.000Z
96005.8703119879932501,1732464000000,19786737.0000000000000000,2024-11-24T16:00:00.000Z
96434.7534428627783037,1732467600000,19786737.0000000000000000,2024-11-24T17:00:00.000Z
95887.7871839485659890,1732471200000,19786737.0000000000000000,2024-11-24T18:00:00.000Z
96458.3222534029339744,1732474800000,19786762.0000000000000000,2024-11-24T19:00:00.000Z
96387.7081983925286538,1732478400000,19786762.0000000000000000,2024-11-24T20:00:00.000Z
96842.9316574464659086,1732482000000,19786815.0000000000000000,2024-11-24T21:00:00.000Z
96991.4603022827870579,1732485600000,19786815.0000000000000000,2024-11-24T22:00:00.000Z
97975.0483521474270714,1732489200000,19786862.0000000000000000,2024-11-24T23:00:00.000Z
97968.6762581379220322,1732492800000,19786862.0000000000000000,2024-11-25T00:00:00.000Z
97943.6499439049176037,1732496400000,19786912.0000000000000000,2024-11-25T01:00:00.000Z
97293.1153825413746915,1732500000000,19786912.0000000000000000,2024-11-25T02:00:00.000Z
97471.3961615830958697,1732503600000,19786943.0000000000000000,2024-11-25T03:00:00.000Z
97920.2080961662652810,1732507200000,19786943.0000000000000000,2024-11-25T04:00:00.000Z
97822.3575539962562987,1732510800000,19787009.0000000000000000,2024-11-25T05:00:00.000Z
98115.0700061234417166,1732514400000,19787009.0000000000000000,2024-11-25T06:00:00.000Z
98182.8306634443903143,1732518000000,19787034.0000000000000000,2024-11-25T07:00:00.000Z
98138.5470679375536687,1732521600000,19787034.0000000000000000,2024-11-25T08:00:00.000Z
98298.6997419284303166,1732525200000,19787078.0000000000000000,2024-11-25T09:00:00.000Z
98522.4119267888879200,1732528800000,19787078.0000000000000000,2024-11-25T10:00:00.000Z
98385.4416369545344409,1732532400000,19787106.0000000000000000,2024-11-25T11:00:00.000Z
98278.3128234870160078,1732536000000,19787106.0000000000000000,2024-11-25T12:00:00.000Z
97973.2935503029800706,1732539600000,19787156.0000000000000000,2024-11-25T13:00:00.000Z
97616.1372197404354163,1732543200000,19787156.0000000000000000,2024-11-25T14:00:00.000Z
95979.9957822326726118,1732546800000,19787218.0000000000000000,2024-11-25T15:00:00.000Z
96227.4965670267911775,1732550400000,19787218.0000000000000000,2024-11-25T16:00:00.000Z
95998.0558159276198720,1732554000000,19787278.0000000000000000,2024-11-25T17:00:00.000Z
95251.1093081956586717,1732557600000,19787278.0000000000000000,2024-11-25T18:00:00.000Z
95079.1119227341558818,1732561200000,19787312.0000000000000000,2024-11-25T19:00:00.000Z
94801.9290266068829163,1732564800000,19787312.0000000000000000,2024-11-25T20:00:00.000Z
94816.7576396368172888,1732568400000,19787340.0000000000000000,2024-11-25T21:00:00.000Z
93817.8911221720587961,1732572000000,19787340.0000000000000000,2024-11-25T22:00:00.000Z
94186.9331776336950738,1732575600000,19787375.0000000000000000,2024-11-25T23:00:00.000Z
93135.2201382036424244,1732579200000,19787375.0000000000000000,2024-11-26T00:00:00.000Z
94009.2116843434295543,1732582800000,19787453.0000000000000000,2024-11-26T01:00:00.000Z
94806.5155978330532461,1732586400000,19787453.0000000000000000,2024-11-26T02:00:00.000Z
94613.0908426498426214,1732590000000,19787487.0000000000000000,2024-11-26T03:00:00.000Z
94527.4253350909237075,1732593600000,19787487.0000000000000000,2024-11-26T04:00:00.000Z
94359.8702222496622662,1732597200000,19787509.0000000000000000,2024-11-26T05:00:00.000Z
94643.1089428970906727,1732600800000,19787509.0000000000000000,2024-11-26T06:00:00.000Z
94558.4924855333617632,1732604400000,19787556.0000000000000000,2024-11-26T07:00:00.000Z
93800.7402722758964270,1732608000000,19787556.0000000000000000,2024-11-26T08:00:00.000Z
92982.6363043043613111,1732611600000,19787609.0000000000000000,2024-11-26T09:00:00.000Z
93517.3382983294443901,1732615200000,19787609.0000000000000000,2024-11-26T10:00:00.000Z
92416.0831050808013803,1732618800000,19787634.0000000000000000,2024-11-26T11:00:00.000Z
92221.4886399512318030,1732622400000,19787634.0000000000000000,2024-11-26T12:00:00.000Z
92014.0121246308803755,1732626000000,19787703.0000000000000000,2024-11-26T13:00:00.000Z
92339.7278687145190544,1732629600000,19787703.0000000000000000,2024-11-26T14:00:00.000Z
93386.9253281092143799,1732633200000,19787731.0000000000000000,2024-11-26T15:00:00.000Z
93039.5488023108181035,1732636800000,19787731.0000000000000000,2024-11-26T16:00:00.000Z
94150.3379694938106454,1732640400000,19787762.0000000000000000,2024-11-26T17:00:00.000Z
93627.8758037397635073,1732644000000,19787762.0000000000000000,2024-11-26T18:00:00.000Z
92442.1081559018001613,1732647600000,19787775.0000000000000000,2024-11-26T19:00:00.000Z
91704.6529664399208935,1732651200000,19787775.0000000000000000,2024-11-26T20:00:00.000Z
91245.1557332678876165,1732654800000,19787821.0000000000000000,2024-11-26T21:00:00.000Z
91704.0599961609094941,1732658400000,19787821.0000000000000000,2024-11-26T22:00:00.000Z
91852.3827895876196214,1732662000000,19787856.0000000000000000,2024-11-26T23:00:00.000Z
91960.5238293998980487,1732665600000,19787856.0000000000000000,2024-11-27T00:00:00.000Z
91890.6032633188859688,1732669200000,19787893.0000000000000000,2024-11-27T01:00:00.000Z
92677.8261199613911027,1732672800000,19787893.0000000000000000,2024-11-27T02:00:00.000Z
92877.9123857887777008,1732676400000,19787918.0000000000000000,2024-11-27T03:00:00.000Z
92660.8518576435470714,1732680000000,19787918.0000000000000000,2024-11-27T04:00:00.000Z
92545.4859343633457123,1732683600000,19787984.0000000000000000,2024-11-27T05:00:00.000Z
92703.9767041806737910,1732687200000,19787984.0000000000000000,2024-11-27T06:00:00.000Z
93069.0921992120151699,1732690800000,19788009.0000000000000000,2024-11-27T07:00:00.000Z
93563.6839619184485140,1732694400000,19788009.0000000000000000,2024-11-27T08:00:00.000Z
93416.1917266891096901,1732698000000,19788009.0000000000000000,2024-11-27T09:00:00.000Z
93418.1452761177418632,1732701600000,19788046.0000000000000000,2024-11-27T10:00:00.000Z
93811.7331469444833562,1732705200000,19788046.0000000000000000,2024-11-27T11:00:00.000Z
93396.1451667859315158,1732708800000,19788062.0000000000000000,2024-11-27T12:00:00.000Z
93376.2546265863427842,1732712400000,19788062.0000000000000000,2024-11-27T13:00:00.000Z
94036.7185211092616015,1732716000000,19788090.0000000000000000,2024-11-27T14:00:00.000Z
94870.6936451537436023,1732719600000,19788090.0000000000000000,2024-11-27T15:00:00.000Z
95742.2868184675693788,1732723200000,19788125.0000000000000000,2024-11-27T16:00:00.000Z
95790.2702616024921963,1732726800000,19788125.0000000000000000,2024-11-27T17:00:00.000Z
96306.1794095936676964,1732730400000,19788162.0000000000000000,2024-11-27T18:00:00.000Z
96265.5744173684927789,1732734000000,19788162.0000000000000000,2024-11-27T19:00:00.000Z
96694.3583444666208713,1732737600000,19788190.0000000000000000,2024-11-27T20:00:00.000Z
96595.7577016775790331,1732741200000,19788190.0000000000000000,2024-11-27T21:00:00.000Z
96319.2826544281090933,1732744800000,19788190.0000000000000000,2024-11-27T22:00:00.000Z
96188.9441606691605212,1732748400000,19788190.0000000000000000,2024-11-27T23:00:00.000Z
95966.0619366219352414,1732752000000,19788190.0000000000000000,2024-11-28T00:00:00.000Z
96548.4576074435014942,1732755600000,19788190.0000000000000000,2024-11-28T01:00:00.000Z
96272.5539425689737914,1732759200000,19788190.0000000000000000,2024-11-28T02:00:00.000Z
95792.0129795915064585,1732762800000,19788190.0000000000000000,2024-11-28T03:00:00.000Z
95587.0687326301949818,1732766400000,19788190.0000000000000000,2024-11-28T04:00:00.000Z
95787.4697110915810183,1732770000000,19788190.0000000000000000,2024-11-28T05:00:00.000Z
95522.1981106419092997,1732773600000,19788190.0000000000000000,2024-11-28T06:00:00.000Z
95589.9671252797664408,1732777200000,19788190.0000000000000000,2024-11-28T07:00:00.000Z
95352.7307399916284752,1732780800000,19788190.0000000000000000,2024-11-28T08:00:00.000Z
95477.5659823716238949,1732784400000,19788190.0000000000000000,2024-11-28T09:00:00.000Z
95119.4155768681132835,1732788000000,19788190.0000000000000000,2024-11-28T10:00:00.000Z
94932.2011813394951924,1732791600000,19788190.0000000000000000,2024-11-28T11:00:00.000Z
95587.9907651044711477,1732795200000,19788375.0000000000000000,2024-11-28T12:00:00.000Z
95519.3665090637598912,1732798800000,19788375.0000000000000000,2024-11-28T13:00:00.000Z
95731.1993362180889395,1732802400000,19788550.0000000000000000,2024-11-28T14:00:00.000Z
95521.8486384903435443,1732806000000,19788550.0000000000000000,2024-11-28T15:00:00.000Z
95016.3669145431054258,1732809600000,19788581.0000000000000000,2024-11-28T16:00:00.000Z
94999.2737714666461712,1732813200000,19788581.0000000000000000,2024-11-28T17:00:00.000Z
94900.0200703302535407,1732816800000,19788596.0000000000000000,2024-11-28T18:00:00.000Z
95289.9007020119896033,1732820400000,19788596.0000000000000000,2024-11-28T19:00:00.000Z
95112.1547142177184178,1732824000000,19788643.0000000000000000,2024-11-28T20:00:00.000Z
94824.0428640296547246,1732827600000,19788643.0000000000000000,2024-11-28T21:00:00.000Z
95099.9058705163080181,1732831200000,19788671.0000000000000000,2024-11-28T22:00:00.000Z
95600.1984386377067558,1732834800000,19788671.0000000000000000,2024-11-28T23:00:00.000Z
95621.1670585690155892,1732838400000,19788712.0000000000000000,2024-11-29T00:00:00.000Z
95502.8444996344441878,1732842000000,19788712.0000000000000000,2024-11-29T01:00:00.000Z
95892.1715003829754426,1732845600000,19788765.0000000000000000,2024-11-29T02:00:00.000Z
96727.4754728797049397,1732849200000,19788765.0000000000000000,2024-11-29T03:00:00.000Z
96576.5904590565768338,1732852800000,19788790.0000000000000000,2024-11-29T04:00:00.000Z
96320.3873375630663277,1732856400000,19788790.0000000000000000,2024-11-29T05:00:00.000Z
96253.3937898889905115,1732860000000,19788821.0000000000000000,2024-11-29T06:00:00.000Z
96199.5014538291617099,1732863600000,19788821.0000000000000000,2024-11-29T07:00:00.000Z
95664.8074535597585537,1732867200000,19788862.0000000000000000,2024-11-29T08:00:00.000Z
95996.9641163401189233,1732870800000,19788862.0000000000000000,2024-11-29T09:00:00.000Z
96366.8255987060570628,1732874400000,19788893.0000000000000000,2024-11-29T10:00:00.000Z
96811.7733157166970884,1732878000000,19788893.0000000000000000,2024-11-29T11:00:00.000Z
97267.7988063937327614,1732881600000,19788918.0000000000000000,2024-11-29T12:00:00.000Z
97004.0713488028159196,1732885200000,19788918.0000000000000000,2024-11-29T13:00:00.000Z
97215.9230493885187538,1732888800000,19788943.0000000000000000,2024-11-29T14:00:00.000Z
97978.0013302677749272,1732892400000,19788943.0000000000000000,2024-11-29T15:00:00.000Z
98275.7216524426524515,1732896000000,19789000.0000000000000000,2024-11-29T16:00:00.000Z
97927.0347353389237728,1732899600000,19789000.0000000000000000,2024-11-29T17:00:00.000Z
97097.2109440426269084,1732903200000,19789012.0000000000000000,2024-11-29T18:00:00.000Z
97232.6514272779646077,1732906800000,19789012.0000000000000000,2024-11-29T19:00:00.000Z
97367.3868975907980659,1732910400000,19789028.0000000000000000,2024-11-29T20:00:00.000Z
97398.0973822239311447,1732914000000,19789028.0000000000000000,2024-11-29T21:00:00.000Z
97443.6539650122559727,1732917600000,19789093.0000000000000000,2024-11-29T22:00:00.000Z
97348.5292596616237078,1732921200000,19789093.0000000000000000,2024-11-29T23:00:00.000Z
97450.4241233714919574,1732924800000,19789106.0000000000000000,2024-11-30T00:00:00.000Z
97003.1093585747149799,1732928400000,19789106.0000000000000000,2024-11-30T01:00:00.000Z
96548.3351882899786406,1732932000000,19789106.0000000000000000,2024-11-30T02:00:00.000Z
96603.4068693830667253,1732935600000,19789106.0000000000000000,2024-11-30T03:00:00.000Z
96655.0832134600104770,1732939200000,19789106.0000000000000000,2024-11-30T04:00:00.000Z
96684.7448956379977531,1732942800000,19789106.0000000000000000,2024-11-30T05:00:00.000Z
97043.5583572826437825,1732946400000,19789106.0000000000000000,2024-11-30T06:00:00.000Z
96680.9225715036931315,1732950000000,19789106.0000000000000000,2024-11-30T07:00:00.000Z
96786.6306979613684420,1732953600000,19789106.0000000000000000,2024-11-30T08:00:00.000Z
96929.6026397722738132,1732957200000,19789106.0000000000000000,2024-11-30T09:00:00.000Z
96745.8952148585507806,1732960800000,19789106.0000000000000000,2024-11-30T10:00:00.000Z
96155.9908716817236151,1732964400000,19789106.0000000000000000,2024-11-30T11:00:00.000Z
96276.5751575159029531,1732968000000,19789106.0000000000000000,2024-11-30T12:00:00.000Z
96527.2960563115492450,1732971600000,19789106.0000000000000000,2024-11-30T13:00:00.000Z
96461.0556836756732389,1732975200000,19789106.0000000000000000,2024-11-30T14:00:00.000Z
96481.6083460127986998,1732978800000,19789106.0000000000000000,2024-11-30T15:00:00.000Z
96677.5890747903464997,1732982400000,19789106.0000000000000000,2024-11-30T16:00:00.000Z
96860.1424031848426267,1732986000000,19789106.0000000000000000,2024-11-30T17:00:00.000Z
96801.3048920210728203,1732989600000,19789106.0000000000000000,2024-11-30T18:00:00.000Z
96958.0694514025304299,1732993200000,19789106.0000000000000000,2024-11-30T19:00:00.000Z
97028.1612577395021917,1732996800000,19789106.0000000000000000,2024-11-30T20:00:00.000Z
96960.8876779926066125,1733000400000,19789106.0000000000000000,2024-11-30T21:00:00.000Z
96800.9417177864709178,1733004000000,19789106.0000000000000000,2024-11-30T22:00:00.000Z
96437.0864239866197649,1733007600000,19789106.0000000000000000,2024-11-30T23:00:00.000Z
96416.1509205014648541,1733011200000,19789106.0000000000000000,2024-12-01T00:00:00.000Z
96345.8017070251686762,1733014800000,19789534.0000000000000000,2024-12-01T01:00:00.000Z
96154.4189617809688863,1733018400000,19789534.0000000000000000,2024-12-01T02:00:00.000Z
95826.9352478931819840,1733022000000,19789656.0000000000000000,2024-12-01T03:00:00.000Z
96362.2858233177805890,1733025600000,19789656.0000000000000000,2024-12-01T04:00:00.000Z
96476.6428770539785848,1733029200000,19789687.0000000000000000,2024-12-01T05:00:00.000Z
96362.1598374332956776,1733032800000,19789687.0000000000000000,2024-12-01T06:00:00.000Z
96383.2235768272317249,1733036400000,19789753.0000000000000000,2024-12-01T07:00:00.000Z
96494.9808669245696845,1733040000000,19789753.0000000000000000,2024-12-01T08:00:00.000Z
97108.6886973795155208,1733043600000,19789790.0000000000000000,2024-12-01T09:00:00.000Z
97037.4510015238481384,1733047200000,19789790.0000000000000000,2024-12-01T10:00:00.000Z
96839.8675401462221698,1733050800000,19789831.0000000000000000,2024-12-01T11:00:00.000Z
97101.6305866050705880,1733054400000,19789831.0000000000000000,2024-12-01T12:00:00.000Z
96880.5224844081698567,1733058000000,19789878.0000000000000000,2024-12-01T13:00:00.000Z
97130.0326425161210301,1733061600000,19789878.0000000000000000,2024-12-01T14:00:00.000Z
97314.7527611768321265,1733065200000,19789921.0000000000000000,2024-12-01T15:00:00.000Z
97069.0893749229353656,1733068800000,19789921.0000000000000000,2024-12-01T16:00:00.000Z
97245.7463771505083714,1733072400000,19789943.0000000000000000,2024-12-01T17:00:00.000Z
97295.1708248492301046,1733076000000,19789943.0000000000000000,2024-12-01T18:00:00.000Z
97176.6764688509946684,1733079600000,19790003.0000000000000000,2024-12-01T19:00:00.000Z
97135.3199359496590569,1733083200000,19790003.0000000000000000,2024-12-01T20:00:00.000Z
97035.7201915917946509,1733086800000,19790050.0000000000000000,2024-12-01T21:00:00.000Z
97668.8147563154781318,1733090400000,19790050.0000000000000000,2024-12-01T22:00:00.000Z
97505.8445974076902896,1733094000000,19790062.0000000000000000,2024-12-01T23:00:00.000Z
97239.6392816858957241,1733097600000,19790062.0000000000000000,2024-12-02T00:00:00.000Z
97386.8844110879556526,1733101200000,19790100.0000000000000000,2024-12-02T01:00:00.000Z
97922.3565819140152622,1733104800000,19790100.0000000000000000,2024-12-02T02:00:00.000Z
97622.8007108662691784,1733108400000,19790153.0000000000000000,2024-12-02T03:00:00.000Z
96641.2017005735177228,1733112000000,19790153.0000000000000000,2024-12-02T04:00:00.000Z
96664.0676402594676315,1733115600000,19790187.0000000000000000,2024-12-02T05:00:00.000Z
96391.4444706444035453,1733119200000,19790187.0000000000000000,2024-12-02T06:00:00.000Z
96276.8608452098038318,1733122800000,19790218.0000000000000000,2024-12-02T07:00:00.000Z
96064.9386661862583487,1733126400000,19790218.0000000000000000,2024-12-02T08:00:00.000Z
95160.7465478149607397,1733130000000,19790253.0000000000000000,2024-12-02T09:00:00.000Z
95453.9779350319899250,1733133600000,19790253.0000000000000000,2024-12-02T10:00:00.000Z
94979.4572952583689453,1733137200000,19790300.0000000000000000,2024-12-02T11:00:00.000Z
95111.1539357817416790,1733140800000,19790300.0000000000000000,2024-12-02T12:00:00.000Z
95048.1293974532663131,1733144400000,19790325.0000000000000000,2024-12-02T13:00:00.000Z
95705.7270746940795736,1733148000000,19790325.0000000000000000,2024-12-02T14:00:00.000Z
96458.1343832962394271,1733151600000,19790362.0000000000000000,2024-12-02T15:00:00.000Z
97059.6751057647932998,1733155200000,19790362.0000000000000000,2024-12-02T16:00:00.000Z
96197.9655561901316894,1733158800000,19790393.0000000000000000,2024-12-02T17:00:00.000Z
94844.8242207160090125,1733162400000,19790393.0000000000000000,2024-12-02T18:00:00.000Z
95696.7582729685683160,1733166000000,19790415.0000000000000000,2024-12-02T19:00:00.000Z
95763.1497346232288408,1733169600000,19790415.0000000000000000,2024-12-02T20:00:00.000Z
95650.9484091334095955,1733173200000,19790481.0000000000000000,2024-12-02T21:00:00.000Z
95538.2684167932033629,1733176800000,19790481.0000000000000000,2024-12-02T22:00:00.000Z
95347.5702615727307179,1733180400000,19790496.0000000000000000,2024-12-02T23:00:00.000Z
95784.8037530091835484,1733184000000,19790496.0000000000000000,2024-12-03T00:00:00.000Z
95861.5434641425709736,1733187600000,19790534.0000000000000000,2024-12-03T01:00:00.000Z
95570.4601149773424757,1733191200000,19790534.0000000000000000,2024-12-03T02:00:00.000Z
96025.2778564516334938,1733194800000,19790568.0000000000000000,2024-12-03T03:00:00.000Z
96038.6380935515051093,1733198400000,19790568.0000000000000000,2024-12-03T04:00:00.000Z
95917.4799596661706302,1733202000000,19790568.0000000000000000,2024-12-03T05:00:00.000Z
96095.7515435578451807,1733205600000,19790568.0000000000000000,2024-12-03T06:00:00.000Z
95845.4860344157861551,1733209200000,19790568.0000000000000000,2024-12-03T07:00:00.000Z
95462.2491251627261788,1733212800000,19790568.0000000000000000,2024-12-03T08:00:00.000Z
95431.8795457812794694,1733216400000,19790568.0000000000000000,2024-12-03T09:00:00.000Z
95308.2762059315592115,1733220000000,19790568.0000000000000000,2024-12-03T10:00:00.000Z
94894.1774313574141862,1733223600000,19790568.0000000000000000,2024-12-03T11:00:00.000Z
94907.9109812835426157,1733227200000,19790568.0000000000000000,2024-12-03T12:00:00.000Z
94900.2220291467797207,1733230800000,19790568.0000000000000000,2024-12-03T13:00:00.000Z
93731.6098586405074250,1733234400000,19790568.0000000000000000,2024-12-03T14:00:00.000Z
95214.0252576051128321,1733238000000,19790568.0000000000000000,2024-12-03T15:00:00.000Z
95588.3041998953921465,1733241600000,19790568.0000000000000000,2024-12-03T16:00:00.000Z
95203.7242555010632159,1733245200000,19790568.0000000000000000,2024-12-03T17:00:00.000Z
95830.7733789756119179,1733248800000,19790568.0000000000000000,2024-12-03T18:00:00.000Z
95564.4137820928876212,1733252400000,19790568.0000000000000000,2024-12-03T19:00:00.000Z
95515.0427069268083243,1733256000000,19790568.0000000000000000,2024-12-03T20:00:00.000Z
95664.5565589364174399,1733259600000,19790568.0000000000000000,2024-12-03T21:00:00.000Z
96112.6815266216979101,1733263200000,19790568.0000000000000000,2024-12-03T22:00:00.000Z
96051.0020698807205320,1733266800000,19790568.0000000000000000,2024-12-03T23:00:00.000Z
95975.2065398666464571,1733270400000,19790568.0000000000000000,2024-12-04T00:00:00.000Z
95794.9873106945084177,1733274000000,19790568.0000000000000000,2024-12-04T01:00:00.000Z
96299.1569922652669974,1733277600000,19790568.0000000000000000,2024-12-04T02:00:00.000Z
95813.9720900189200757,1733281200000,19790568.0000000000000000,2024-12-04T03:00:00.000Z
95835.6158931281283406,1733284800000,19790568.0000000000000000,2024-12-04T04:00:00.000Z
95877.1037348440394242,1733288400000,19790568.0000000000000000,2024-12-04T05:00:00.000Z
96436.5211549594553048,1733292000000,19790568.0000000000000000,2024-12-04T06:00:00.000Z
96554.4486926334119178,1733295600000,19790568.0000000000000000,2024-12-04T07:00:00.000Z
96659.3169063597199926,1733299200000,19790568.0000000000000000,2024-12-04T08:00:00.000Z
96777.9443333114687757,1733302800000,19790568.0000000000000000,2024-12-04T09:00:00.000Z
96845.1813831226839796,1733306400000,19790568.0000000000000000,2024-12-04T10:00:00.000Z
96537.1818743977846377,1733310000000,19790568.0000000000000000,2024-12-04T11:00:00.000Z
96280.0509419341124310,1733313600000,19790568.0000000000000000,2024-12-04T12:00:00.000Z
96025.8715021404503773,1733317200000,19790568.0000000000000000,2024-12-04T13:00:00.000Z
95642.2460214356645877,1733320800000,19790568.0000000000000000,2024-12-04T14:00:00.000Z
96070.2361126902421939,1733324400000,19790568.0000000000000000,2024-12-04T15:00:00.000Z
95776.3103675061317835,1733328000000,19790568.0000000000000000,2024-12-04T16:00:00.000Z
95011.5005428879992115,1733331600000,19790568.0000000000000000,2024-12-04T17:00:00.000Z
95532.3180260977140283,1733335200000,19790568.0000000000000000,2024-12-04T18:00:00.000Z
96300.4362782796067993,1733338800000,19790568.0000000000000000,2024-12-04T19:00:00.000Z
97249.4134456932469553,1733342400000,19790568.0000000000000000,2024-12-04T20:00:00.000Z
98901.4471848526225843,1733346000000,19790568.0000000000000000,2024-12-04T21:00:00.000Z
97870.7663672390285923,1733349600000,19790568.0000000000000000,2024-12-04T22:00:00.000Z
98323.5675407477969920,1733353200000,19790568.0000000000000000,2024-12-04T23:00:00.000Z
98729.8545726529053827,1733356800000,19790568.0000000000000000,2024-12-05T00:00:00.000Z
98440.3441595399519726,1733360400000,19790568.0000000000000000,2024-12-05T01:00:00.000Z
98279.8239140389156158,1733364000000,19790568.0000000000000000,2024-12-05T02:00:00.000Z
100960.7009365054122534,1733367600000,19790568.0000000000000000,2024-12-05T03:00:00.000Z
102768.9465784964322030,1733371200000,19790568.0000000000000000,2024-12-05T04:00:00.000Z
103209.9736041225515021,1733374800000,19790568.0000000000000000,2024-12-05T05:00:00.000Z
102434.3018256399506799,1733378400000,19790568.0000000000000000,2024-12-05T06:00:00.000Z
101901.5140049944007580,1733382000000,19790568.0000000000000000,2024-12-05T07:00:00.000Z
102292.9346492193954360,1733385600000,19790568.0000000000000000,2024-12-05T08:00:00.000Z
102885.3614960570063514,1733389200000,19790568.0000000000000000,2024-12-05T09:00:00.000Z
102676.3547689261063856,1733392800000,19790568.0000000000000000,2024-12-05T10:00:00.000Z
102361.9386021177703805,1733396400000,19790568.0000000000000000,2024-12-05T11:00:00.000Z
102601.5275605652167677,1733400000000,19790568.0000000000000000,2024-12-05T12:00:00.000Z
102930.1488816939064164,1733403600000,19790568.0000000000000000,2024-12-05T13:00:00.000Z
102855.0723922394802903,1733407200000,19790568.0000000000000000,2024-12-05T14:00:00.000Z
103482.9757347782718993,1733410800000,19790568.0000000000000000,2024-12-05T15:00:00.000Z
101539.6448036105964087,1733414400000,19790568.0000000000000000,2024-12-05T16:00:00.000Z
101236.0378713119680272,1733418000000,19790568.0000000000000000,2024-12-05T17:00:00.000Z
101259.5069494307457083,1733421600000,19790568.0000000000000000,2024-12-05T18:00:00.000Z
100371.9120058048070921,1733425200000,19790568.0000000000000000,2024-12-05T19:00:00.000Z
99238.6201783658347992,1733428800000,19790568.0000000000000000,2024-12-05T20:00:00.000Z
99108.6101465072296367,1733432400000,19790568.0000000000000000,2024-12-05T21:00:00.000Z
99095.4038374194895617,1733436000000,19790568.0000000000000000,2024-12-05T22:00:00.000Z
96824.5297193711001585,1733439600000,19790568.0000000000000000,2024-12-05T23:00:00.000Z
97093.3173439439376573,1733443200000,19790568.0000000000000000,2024-12-06T00:00:00.000Z
97545.6980982948358043,1733446800000,19790568.0000000000000000,2024-12-06T01:00:00.000Z
98368.6819781427562294,1733450400000,19790568.0000000000000000,2024-12-06T02:00:00.000Z
97681.4167260653560133,1733454000000,19790568.0000000000000000,2024-12-06T03:00:00.000Z
97719.2301735026637506,1733457600000,19790568.0000000000000000,2024-12-06T04:00:00.000Z
97961.8927282451526406,1733461200000,19790568.0000000000000000,2024-12-06T05:00:00.000Z
97920.1131297032904214,1733464800000,19790568.0000000000000000,2024-12-06T06:00:00.000Z
98144.4071749270330787,1733468400000,19790568.0000000000000000,2024-12-06T07:00:00.000Z
98164.4699234203473057,1733472000000,19790568.0000000000000000,2024-12-06T08:00:00.000Z
98467.9407233702025953,1733475600000,19790568.0000000000000000,2024-12-06T09:00:00.000Z
98202.2682404175673127,1733479200000,19790568.0000000000000000,2024-12-06T10:00:00.000Z
98210.1284310459022144,1733482800000,19790568.0000000000000000,2024-12-06T11:00:00.000Z
98128.8224674580936772,1733486400000,19790568.0000000000000000,2024-12-06T12:00:00.000Z
97779.6508992767362546,1733490000000,19790568.0000000000000000,2024-12-06T13:00:00.000Z
98672.2682712203436724,1733493600000,19790568.0000000000000000,2024-12-06T14:00:00.000Z
99477.1510516995573426,1733497200000,19790568.0000000000000000,2024-12-06T15:00:00.000Z
99377.1969724697605683,1733500800000,19790568.0000000000000000,2024-12-06T16:00:00.000Z
99124.4099974879820457,1733504400000,19790568.0000000000000000,2024-12-06T17:00:00.000Z
100935.5214550939826090,1733508000000,19790568.0000000000000000,2024-12-06T18:00:00.000Z
101517.0539095058345410,1733511600000,19790568.0000000000000000,2024-12-06T19:00:00.000Z
101639.6343826533370499,1733515200000,19790568.0000000000000000,2024-12-06T20:00:00.000Z
101458.8006023740051045,1733518800000,19790568.0000000000000000,2024-12-06T21:00:00.000Z
100609.4395896144288407,1733522400000,19790568.0000000000000000,2024-12-06T22:00:00.000Z
100694.1236427048883509,1733526000000,19790568.0000000000000000,2024-12-06T23:00:00.000Z
100039.7467338737967611,1733529600000,19790568.0000000000000000,2024-12-07T00:00:00.000Z
100507.0276967598695092,1733533200000,19790568.0000000000000000,2024-12-07T01:00:00.000Z
100286.1850113490111085,1733536800000,19790568.0000000000000000,2024-12-07T02:00:00.000Z
100114.5753520657263458,1733540400000,19790568.0000000000000000,2024-12-07T03:00:00.000Z
99495.3398481055463987,1733544000000,19790568.0000000000000000,2024-12-07T04:00:00.000Z
99690.0858298652752842,1733547600000,19790568.0000000000000000,2024-12-07T05:00:00.000Z
99309.6525584369141796,1733551200000,19790568.0000000000000000,2024-12-07T06:00:00.000Z
99456.0624032274985008,1733554800000,19790568.0000000000000000,2024-12-07T07:00:00.000Z
99492.9859272543929018,1733558400000,19790568.0000000000000000,2024-12-07T08:00:00.000Z
99597.3201978439182518,1733562000000,19790568.0000000000000000,2024-12-07T09:00:00.000Z
99761.7916194230194508,1733565600000,19790568.0000000000000000,2024-12-07T10:00:00.000Z
99610.8601770838038403,1733569200000,19790568.0000000000000000,2024-12-07T11:00:00.000Z
99740.2572151791784340,1733572800000,19790568.0000000000000000,2024-12-07T12:00:00.000Z
99547.2184095854174648,1733576400000,19790568.0000000000000000,2024-12-07T13:00:00.000Z
99469.5713254463651673,1733580000000,19790568.0000000000000000,2024-12-07T14:00:00.000Z
99553.9927197712648156,1733583600000,19790568.0000000000000000,2024-12-07T15:00:00.000Z
99757.6944460725161249,1733587200000,19790568.0000000000000000,2024-12-07T16:00:00.000Z
99676.6392669475702472,1733590800000,19790568.0000000000000000,2024-12-07T17:00:00.000Z
99691.2813706816410441,1733594400000,19790568.0000000000000000,2024-12-07T18:00:00.000Z
100199.8783102428630883,1733598000000,19790568.0000000000000000,2024-12-07T19:00:00.000Z
100176.8545056220603981,1733601600000,19790568.0000000000000000,2024-12-07T20:00:00.000Z
100351.2789123243575979,1733605200000,19790568.0000000000000000,2024-12-07T21:00:00.000Z
99981.3573022030927578,1733608800000,19790568.0000000000000000,2024-12-07T22:00:00.000Z
99817.7391150312885794,1733612400000,19790568.0000000000000000,2024-12-07T23:00:00.000Z
99889.4027794509448518,1733616000000,19790568.0000000000000000,2024-12-08T00:00:00.000Z
100004.0682655088306944,1733619600000,19790568.0000000000000000,2024-12-08T01:00:00.000Z
99892.8197645925034314,1733623200000,19790568.0000000000000000,2024-12-08T02:00:00.000Z
100167.5465141668002502,1733626800000,19790568.0000000000000000,2024-12-08T03:00:00.000Z
99977.4330244440884270,1733630400000,19790568.0000000000000000,2024-12-08T04:00:00.000Z
99850.1809902441472285,1733634000000,19790568.0000000000000000,2024-12-08T05:00:00.000Z
99582.7079710782461395,1733637600000,19790568.0000000000000000,2024-12-08T06:00:00.000Z
99726.4151377967845454,1733641200000,19790568.0000000000000000,2024-12-08T07:00:00.000Z
99750.3772514391664232,1733644800000,19790568.0000000000000000,2024-12-08T08:00:00.000Z
99172.6825023747766452,1733648400000,19790568.0000000000000000,2024-12-08T09:00:00.000Z
98946.5319362865939907,1733652000000,19790568.0000000000000000,2024-12-08T10:00:00.000Z
99361.7521635230493982,1733655600000,19790568.0000000000000000,2024-12-08T11:00:00.000Z
99773.3684663710326865,1733659200000,19790568.0000000000000000,2024-12-08T12:00:00.000Z
99997.5346578752638408,1733662800000,19790568.0000000000000000,2024-12-08T13:00:00.000Z
100443.4153808023209244,1733666400000,19790568.0000000000000000,2024-12-08T14:00:00.000Z
99900.5928826661851013,1733670000000,19790568.0000000000000000,2024-12-08T15:00:00.000Z
99990.1215393046063225,1733673600000,19790568.0000000000000000,2024-12-08T16:00:00.000Z
99919.6072182338659078,1733677200000,19790568.0000000000000000,2024-12-08T17:00:00.000Z
99970.6428660367087295,1733680800000,19790568.0000000000000000,2024-12-08T18:00:00.000Z
99767.5042903870950815,1733684400000,19790568.0000000000000000,2024-12-08T19:00:00.000Z
100006.2681125997818380,1733688000000,19790568.0000000000000000,2024-12-08T20:00:00.000Z
99863.6488506615436663,1733691600000,19790568.0000000000000000,2024-12-08T21:00:00.000Z
100015.6838627360673951,1733695200000,19790568.0000000000000000,2024-12-08T22:00:00.000Z
100218.1357399822192875,1733698800000,19790568.0000000000000000,2024-12-08T23:00:00.000Z
101139.5886439564600479,1733702400000,19790568.0000000000000000,2024-12-09T00:00:00.000Z
99762.5107844978108781,1733706000000,19790568.0000000000000000,2024-12-09T01:00:00.000Z
99592.7345128748979844,1733709600000,19790568.0000000000000000,2024-12-09T02:00:00.000Z
99262.3275838139286580,1733713200000,19790568.0000000000000000,2024-12-09T03:00:00.000Z
99051.1235351528479617,1733716800000,19790568.0000000000000000,2024-12-09T04:00:00.000Z
99427.3541898634709441,1733720400000,19790568.0000000000000000,2024-12-09T05:00:00.000Z
99499.9500769411072842,1733724000000,19790568.0000000000000000,2024-12-09T06:00:00.000Z
99173.7587480322549615,1733727600000,19790568.0000000000000000,2024-12-09T07:00:00.000Z
99556.8030826417456621,1733731200000,19790568.0000000000000000,2024-12-09T08:00:00.000Z
98981.7194779870553912,1733734800000,19790568.0000000000000000,2024-12-09T09:00:00.000Z
98556.0691330763493964,1733738400000,19790568.0000000000000000,2024-12-09T10:00:00.000Z
98684.1558264883888306,1733742000000,19790568.0000000000000000,2024-12-09T11:00:00.000Z
98176.3240048893373703,1733745600000,19790568.0000000000000000,2024-12-09T12:00:00.000Z
98496.1335388297278777,1733749200000,19790568.0000000000000000,2024-12-09T13:00:00.000Z
99033.1860060971897696,1733752800000,19790568.0000000000000000,2024-12-09T14:00:00.000Z
100185.0257901138740676,1733756400000,19790568.0000000000000000,2024-12-09T15:00:00.000Z
97765.8808950050080622,1733760000000,19790568.0000000000000000,2024-12-09T16:00:00.000Z
97909.2870438434044102,1733763600000,19790712.0000000000000000,2024-12-09T17:00:00.000Z
97544.8049856436558439,1733767200000,19790712.0000000000000000,2024-12-09T18:00:00.000Z
97932.8988415546427366,1733770800000,19791003.0000000000000000,2024-12-09T19:00:00.000Z
97090.5944737172802506,1733774400000,19791003.0000000000000000,2024-12-09T20:00:00.000Z
96399.2640731593136231,1733778000000,19791146.0000000000000000,2024-12-09T21:00:00.000Z
97154.7011993312452284,1733781600000,19791146.0000000000000000,2024-12-09T22:00:00.000Z
97041.4843563188792059,1733785200000,19791146.0000000000000000,2024-12-09T23:00:00.000Z
97500.7356204033125645,1733788800000,19791400.0000000000000000,2024-12-10T00:00:00.000Z
97918.9695860157645253,1733792400000,19791400.0000000000000000,2024-12-10T01:00:00.000Z
98014.5355706958109970,1733796000000,19791703.0000000000000000,2024-12-10T02:00:00.000Z
97134.1277632003762165,1733799600000,19791703.0000000000000000,2024-12-10T03:00:00.000Z
